idea_id,working_title,status,novelty_score,narrative_skeleton_similarity,plausibility_score,genre_fit_score,vietnamese_social_fit_score,curiosity,emotional_potential,mystery_potential,long_form_potential,false_lead_strength,reveal_1_surprise,reveal_1_fairness,reveal_2_surprise,reveal_2_fairness,reveal_2_value,coincidence_count,skeptical_viewer_questions,logic_issues,hook_archetype,twist_archetype,emotional_device,has_death_or_tragedy,title_strength,title_specificity,title_curiosity_gap,reasons
IDEA_002,Bí Mật Đằng Sau Nụ Cười Của Vợ,AWAITING_USER_REVIEW,71.8,22.0,90.0,90.0,95.0,8.5,9.0,8.8,8.7,8.5,8.5,6.5,8.6,8.9,8.8,0,Giấy tờ này có được công chứng hợp pháp tại cơ quan chức năng Việt Nam không? | Tại sao nhân vật chính không thẳng thắn đối chất ngay từ manh mối đầu tiên? | Liệu bằng chứng này có thể bị làm giả hoặc hiểu lầm không? | Người giữ bí mật có động cơ thực sự thuyết phục để chấp nhận đánh đổi lớn như vậy không?,Cần tối thiểu 2 manh mối vững chắc (STRONG clues) để chứng minh cho Bước ngoặt 1.,CONFESSION,RELATIONSHIP,BETRAYAL,True,6.0,6.0,7.0,
IDEA_003,Chiếc Hộp Gỗ Của Người Bà Quá Cố,AWAITING_USER_REVIEW,74.7,20.2,90.0,90.0,85.0,8.8,9.2,9.0,8.9,8.5,8.5,6.5,8.6,8.9,8.8,0,Tại sao nhân vật chính không thẳng thắn đối chất ngay từ manh mối đầu tiên? | Liệu bằng chứng này có thể bị làm giả hoặc hiểu lầm không? | Người giữ bí mật có động cơ thực sự thuyết phục để chấp nhận đánh đổi lớn như vậy không?,Cần tối thiểu 2 manh mối vững chắc (STRONG clues) để chứng minh cho Bước ngoặt 1.,OBJECT_DISCOVERY,MONEY,SACRIFICE,True,8.5,8.8,8.0,
IDEA_004,Khoản Tiền Kỳ Lạ Của Bố,NEEDS_NOVELTY_REWRITE,36.5,63.5,90.0,90.0,95.0,9.0,9.5,9.2,9.0,8.5,8.5,6.5,8.6,8.9,8.8,0,Dòng tiền lớn như vậy được rút hoặc chuyển qua kênh nào mà không để lại thông báo biến động số dư? | Tại sao nhân vật chính không thẳng thắn đối chất ngay từ manh mối đầu tiên? | Liệu bằng chứng này có thể bị làm giả hoặc hiểu lầm không? | Người giữ bí mật có động cơ thực sự thuyết phục để chấp nhận đánh đổi lớn như vậy không?,Cần tối thiểu 2 manh mối vững chắc (STRONG clues) để chứng minh cho Bước ngoặt 1.,MONEY_ANOMALY,FAMILY_HISTORY,SACRIFICE,False,8.5,8.8,8.0,Khung truyện trùng lặp 63.5% trong khoảng cảnh báo 60-69.9%. Yêu cầu viết lại tính độc bản.
IDEA_005,Cuộc Gọi Lúc Nửa Đêm,AWAITING_USER_REVIEW,78.7,16.5,90.0,90.0,95.0,8.7,8.9,8.6,8.5,8.5,8.5,6.5,8.6,8.9,8.8,0,Tại sao nhân vật chính không thẳng thắn đối chất ngay từ manh mối đầu tiên? | Liệu bằng chứng này có thể bị làm giả hoặc hiểu lầm không? | Người giữ bí mật có động cơ thực sự thuyết phục để chấp nhận đánh đổi lớn như vậy không?,Cần tối thiểu 2 manh mối vững chắc (STRONG clues) để chứng minh cho Bước ngoặt 1.,PHONE_CALL,FALSE_ASSUMPTION,MISUNDERSTANDING,False,8.5,8.8,8.0,
IDEA_006,Tin Nhắn Cuối Cùng Của Người Bạn Thân,AWAITING_USER_REVIEW,79.7,17.6,90.0,90.0,85.0,8.6,9.1,8.7,8.8,8.5,8.5,6.5,8.6,8.9,8.8,0,Tại sao nhân vật chính không thẳng thắn đối chất ngay từ manh mối đầu tiên? | Liệu bằng chứng này có thể bị làm giả hoặc hiểu lầm không? | Người giữ bí mật có động cơ thực sự thuyết phục để chấp nhận đánh đổi lớn như vậy không?,Cần tối thiểu 2 manh mối vững chắc (STRONG clues) để chứng minh cho Bước ngoặt 1. | Bước ngoặt 2 (Reveal 2) chưa được gieo mầm (seeded) từ các manh mối ban đầu.,MESSAGE,SACRIFICE,SACRIFICE,True,8.5,8.8,8.0,
IDEA_007,Di Chúc Bất Ngờ Của Ông Nội,AWAITING_USER_REVIEW,65.4,21.4,90.0,90.0,95.0,8.9,9.3,9.0,9.1,8.5,8.5,6.5,8.6,8.9,8.8,0,Giấy tờ này có được công chứng hợp pháp tại cơ quan chức năng Việt Nam không? | Tại sao nhân vật chính không thẳng thắn đối chất ngay từ manh mối đầu tiên? | Liệu bằng chứng này có thể bị làm giả hoặc hiểu lầm không? | Người giữ bí mật có động cơ thực sự thuyết phục để chấp nhận đánh đổi lớn như vậy không?,Cần tối thiểu 2 manh mối vững chắc (STRONG clues) để chứng minh cho Bước ngoặt 1.,DOCUMENT,DECEPTION,BETRAYAL,True,8.5,8.8,7.0,
IDEA_008,10 Năm Mất Trí Nhớ Của Bố,NEEDS_GENRE_REWRITE,72.3,23.1,75.0,65.0,95.0,9.1,9.4,9.3,9.2,8.5,8.5,6.5,8.6,8.9,8.8,0,"Tại sao trong suốt 10 năm nằm viện/mất trí, cơ sở y tế không liên lạc với gia đình? | Hồ sơ bệnh án và viện phí suốt nhiều năm qua được ai bảo lãnh chi trả? | Tại sao nhân vật chính không thẳng thắn đối chất ngay từ manh mối đầu tiên? | Liệu bằng chứng này có thể bị làm giả hoặc hiểu lầm không?",Khoảng thời gian y tế/mất trí kéo dài 10 năm cần giải trình rõ viện phí và hồ sơ bệnh án. | Cần tối thiểu 2 manh mối vững chắc (STRONG clues) để chứng minh cho Bước ngoặt 1.,MISSING_TIME,DOCUMENT,MISUNDERSTANDING,True,8.5,8.8,8.0,Yếu tố thể loại (fantasy) chưa thuần chất tâm lý gia đình Việt Nam. | Điểm phù hợp thể loại 65.0 < 70. Yêu cầu sửa đổi để loại bỏ yếu tố giật gân/kinh dị lệch chuẩn.
IDEA_009,Bức Ảnh Cũ Trong Ngăn Kéo Bí Mật,AWAITING_USER_REVIEW,71.4,23.6,90.0,90.0,95.0,9.0,9.4,9.1,9.2,8.5,8.5,6.5,8.6,8.9,8.8,0,Tại sao nhân vật chính không thẳng thắn đối chất ngay từ manh mối đầu tiên? | Liệu bằng chứng này có thể bị làm giả hoặc hiểu lầm không? | Người giữ bí mật có động cơ thực sự thuyết phục để chấp nhận đánh đổi lớn như vậy không?,Cần tối thiểu 2 manh mối vững chắc (STRONG clues) để chứng minh cho Bước ngoặt 1.,SECRET_ROUTINE,DIGITAL,SACRIFICE,True,8.5,8.8,8.0,
IDEA_010,Lá Thư Từ Người Lạ,AWAITING_USER_REVIEW,72.8,16.6,90.0,90.0,95.0,8.8,9.2,8.9,8.7,8.5,8.5,6.5,8.6,8.9,8.8,0,Tại sao nhân vật chính không thẳng thắn đối chất ngay từ manh mối đầu tiên? | Liệu bằng chứng này có thể bị làm giả hoặc hiểu lầm không? | Người giữ bí mật có động cơ thực sự thuyết phục để chấp nhận đánh đổi lớn như vậy không?,Cần tối thiểu 2 manh mối vững chắc (STRONG clues) để chứng minh cho Bước ngoặt 1.,STRANGER,MEMORY,SACRIFICE,True,8.5,8.8,8.0,
IDEA_011,Bức Ảnh Lạ Trong Điện Thoại Cũ,AWAITING_USER_REVIEW,72.2,23.6,90.0,90.0,85.0,9.2,9.5,9.3,9.1,8.5,8.5,6.5,8.6,8.9,8.8,0,Tại sao nhân vật chính không thẳng thắn đối chất ngay từ manh mối đầu tiên? | Liệu bằng chứng này có thể bị làm giả hoặc hiểu lầm không? | Người giữ bí mật có động cơ thực sự thuyết phục để chấp nhận đánh đổi lớn như vậy không?,Cần tối thiểu 2 manh mối vững chắc (STRONG clues) để chứng minh cho Bước ngoặt 1.,FAMILY_PHOTO,IDENTITY,BETRAYAL,True,8.5,8.8,8.0,
IDEA_012,Vị Giám Đốc Bí Ẩn Và Những Cuộc Họp Đêm,AWAITING_USER_REVIEW,76.2,14.1,90.0,90.0,85.0,8.5,9.0,8.8,8.7,8.5,8.5,6.5,8.6,8.9,8.8,0,Tại sao nhân vật chính không thẳng thắn đối chất ngay từ manh mối đầu tiên? | Liệu bằng chứng này có thể bị làm giả hoặc hiểu lầm không? | Người giữ bí mật có động cơ thực sự thuyết phục để chấp nhận đánh đổi lớn như vậy không?,Cần tối thiểu 2 manh mối vững chắc (STRONG clues) để chứng minh cho Bước ngoặt 1.,UNEXPECTED_VISITOR,MOTIVE,SACRIFICE,True,8.5,8.8,8.0,
IDEA_013,Căn Nhà Không Cửa Sổ Và Tiếng Đàn Lúc Nửa Đêm,NEEDS_GENRE_REWRITE,77.6,17.9,90.0,55.0,95.0,9.0,9.2,9.0,9.0,8.5,8.5,6.5,8.6,8.9,8.8,0,Tại sao nhân vật chính không thẳng thắn đối chất ngay từ manh mối đầu tiên? | Liệu bằng chứng này có thể bị làm giả hoặc hiểu lầm không? | Người giữ bí mật có động cơ thực sự thuyết phục để chấp nhận đánh đổi lớn như vậy không?,Cần tối thiểu 2 manh mối vững chắc (STRONG clues) để chứng minh cho Bước ngoặt 1.,IMPOSSIBLE_FACT,TIMELINE,MISUNDERSTANDING,False,8.5,8.8,8.0,"Phát hiện nguy cơ trôi dạt sang phong cách kinh dị/giật gân (horror/captivity thriller), lệch khỏi tôn chỉ bí ẩn xã hội/gia đình. | Điểm phù hợp thể loại 55.0 < 70. Yêu cầu sửa đổi để loại bỏ yếu tố giật gân/kinh dị lệch chuẩn."
IDEA_014,Lời Thú Tội Giữa Mê Man,AWAITING_USER_REVIEW,65.4,21.4,90.0,90.0,95.0,8.8,9.5,8.7,9.2,8.5,8.5,6.5,8.6,8.9,8.8,0,Tại sao nhân vật chính không thẳng thắn đối chất ngay từ manh mối đầu tiên? | Liệu bằng chứng này có thể bị làm giả hoặc hiểu lầm không? | Người giữ bí mật có động cơ thực sự thuyết phục để chấp nhận đánh đổi lớn như vậy không?,Cần tối thiểu 2 manh mối vững chắc (STRONG clues) để chứng minh cho Bước ngoặt 1.,CONFESSION,DECEPTION,BETRAYAL,True,8.5,8.8,7.0,
IDEA_015,Chiếc Khăn Tay Thêu Tên Và Lá Thư Tình Cũ,AWAITING_USER_REVIEW,71.1,20.5,90.0,90.0,85.0,8.7,9.0,8.5,8.9,8.5,8.5,6.5,8.6,8.9,8.8,0,Tại sao nhân vật chính không thẳng thắn đối chất ngay từ manh mối đầu tiên? | Liệu bằng chứng này có thể bị làm giả hoặc hiểu lầm không? | Người giữ bí mật có động cơ thực sự thuyết phục để chấp nhận đánh đổi lớn như vậy không?,Cần tối thiểu 2 manh mối vững chắc (STRONG clues) để chứng minh cho Bước ngoặt 1.,OBJECT_DISCOVERY,DOCUMENT,SACRIFICE,False,8.5,8.8,8.0,
IDEA_016,Số Tiền Lạ Trong Tài Khoản Con Gái Nuôi,AWAITING_USER_REVIEW,71.4,19.7,75.0,90.0,95.0,9.0,9.3,9.0,9.1,8.5,8.5,6.5,8.6,8.9,8.8,0,"Tại sao trong suốt 20 năm nằm viện/mất trí, cơ sở y tế không liên lạc với gia đình? | Hồ sơ bệnh án và viện phí suốt nhiều năm qua được ai bảo lãnh chi trả? | Dòng tiền lớn như vậy được rút hoặc chuyển qua kênh nào mà không để lại thông báo biến động số dư?",Khoảng thời gian y tế/mất trí kéo dài 20 năm cần giải trình rõ viện phí và hồ sơ bệnh án. | Cần tối thiểu 2 manh mối vững chắc (STRONG clues) để chứng minh cho Bước ngoặt 1.,MONEY_ANOMALY,DIGITAL,GUILT,False,8.5,8.8,8.0,
IDEA_017,Cuộc Gọi Nửa Đêm Và Món Nợ Vô Hình,AWAITING_USER_REVIEW,73.4,19.4,82.0,90.0,85.0,8.5,9.0,8.8,8.7,8.5,8.5,6.5,8.6,8.9,8.8,0,Dòng tiền lớn như vậy được rút hoặc chuyển qua kênh nào mà không để lại thông báo biến động số dư? | Tại sao nhân vật chính không thẳng thắn đối chất ngay từ manh mối đầu tiên? | Liệu bằng chứng này có thể bị làm giả hoặc hiểu lầm không? | Người giữ bí mật có động cơ thực sự thuyết phục để chấp nhận đánh đổi lớn như vậy không?,Giao dịch tài chính chưa nêu rõ hình thức thanh toán (chuyển khoản ngân hàng hay tiền mặt). | Cần tối thiểu 2 manh mối vững chắc (STRONG clues) để chứng minh cho Bước ngoặt 1.,PHONE_CALL,MEMORY,GUILT,True,8.5,8.8,8.0,
IDEA_018,Tin Nhắn Từ Căn Nhà Bị Niêm Phong,AWAITING_USER_REVIEW,72.2,17.0,90.0,90.0,95.0,8.8,9.2,8.9,9.0,8.5,8.5,6.5,8.6,8.9,8.8,0,Giấy tờ này có được công chứng hợp pháp tại cơ quan chức năng Việt Nam không? | Tại sao nhân vật chính không thẳng thắn đối chất ngay từ manh mối đầu tiên? | Liệu bằng chứng này có thể bị làm giả hoặc hiểu lầm không? | Người giữ bí mật có động cơ thực sự thuyết phục để chấp nhận đánh đổi lớn như vậy không?,Cần tối thiểu 2 manh mối vững chắc (STRONG clues) để chứng minh cho Bước ngoặt 1.,MESSAGE,IDENTITY,SACRIFICE,True,8.5,8.8,8.0,
IDEA_019,Bức Thư Tay Của Người Ông Đã Khuất,AWAITING_USER_REVIEW,72.8,20.9,90.0,90.0,85.0,8.7,9.3,8.6,9.1,8.5,8.5,6.5,8.6,8.9,8.8,0,Tại sao nhân vật chính không thẳng thắn đối chất ngay từ manh mối đầu tiên? | Liệu bằng chứng này có thể bị làm giả hoặc hiểu lầm không? | Người giữ bí mật có động cơ thực sự thuyết phục để chấp nhận đánh đổi lớn như vậy không?,Cần tối thiểu 2 manh mối vững chắc (STRONG clues) để chứng minh cho Bước ngoặt 1.,DOCUMENT,MOTIVE,SACRIFICE,True,8.5,8.8,8.0,
IDEA_020,Chiếc Đồng Hồ Cũ Và Khoảng Thời Gian Bị Mất,AWAITING_USER_REVIEW,72.9,18.7,90.0,90.0,85.0,8.9,9.5,9.0,9.2,8.5,8.5,6.5,8.6,8.9,8.8,0,Tại sao nhân vật chính không thẳng thắn đối chất ngay từ manh mối đầu tiên? | Liệu bằng chứng này có thể bị làm giả hoặc hiểu lầm không? | Người giữ bí mật có động cơ thực sự thuyết phục để chấp nhận đánh đổi lớn như vậy không?,Cần tối thiểu 2 manh mối vững chắc (STRONG clues) để chứng minh cho Bước ngoặt 1.,MISSING_TIME,TIMELINE,SACRIFICE,True,8.5,8.8,8.0,
IDEA_021,Tài Khoản Mạng Xã Hội Giấu Kín Của Mẹ,AWAITING_USER_REVIEW,75.5,19.3,90.0,90.0,95.0,9.0,9.3,8.8,9.1,8.5,8.5,6.5,8.6,8.9,8.8,0,Dòng tiền lớn như vậy được rút hoặc chuyển qua kênh nào mà không để lại thông báo biến động số dư? | Tại sao nhân vật chính không thẳng thắn đối chất ngay từ manh mối đầu tiên? | Liệu bằng chứng này có thể bị làm giả hoặc hiểu lầm không? | Người giữ bí mật có động cơ thực sự thuyết phục để chấp nhận đánh đổi lớn như vậy không?,Cần tối thiểu 2 manh mối vững chắc (STRONG clues) để chứng minh cho Bước ngoặt 1.,SECRET_ROUTINE,RELATIONSHIP,BETRAYAL,False,8.5,8.8,8.0,
