idea_id,working_title,hook,protagonist,relationship,central_secret,mystery_question,false_lead,clue_1,clue_2,clue_3,reveal_1,reveal_2,emotional_payoff,reflection_theme,hook_archetype,twist_archetype,novelty_score,premise_similarity,twist_similarity,hook_similarity,closest_episode,curiosity,emotional_potential,mystery_potential,logical_plausibility,long_form_potential,status
IDEA_002,Bí Mật Đằng Sau Nụ Cười Của Vợ,"Sau 15 năm chung sống, anh Hùng bàng hoàng khi vợ anh, chị Lan, thú nhận một bí mật động trời: chị đã có một đứa con riêng trước khi kết hôn với anh. Sự thật này làm rung chuyển toàn bộ nền tảng hạnh phúc gia đình mà anh vẫn luôn tin tưởng.",Hùng,Vợ chồng (Hùng và Lan),Lan có con riêng trước khi kết hôn và đã giấu kín suốt 15 năm.,Vì sao chị Lan lại giấu kín sự thật này? Ai là cha đứa bé và đứa bé hiện giờ ra sao?,Hùng nghi ngờ Lan đã phản bội anh trong quá khứ hoặc đứa bé là kết quả của một mối tình vụng trộm.,"Hùng tìm thấy một hộp thư cũ chứa những lá thư tình từ một người đàn ông khác, có nhắc đến việc 'chúng ta sẽ mãi là cha mẹ của con'.","Anh tìm thấy một giấy khai sinh cũ đã bị tẩy xóa, nhưng vẫn nhìn rõ tên một bé gái và tên người cha không phải anh.","Một người bạn cũ của Lan vô tình nhắc đến việc Lan từng phải trải qua một giai đoạn khó khăn khi còn trẻ, nhưng không nói rõ chi tiết.","Hùng phát hiện ra người đàn ông trong thư là mối tình đầu của Lan, người đã qua đời trong một tai nạn ngay sau khi họ chia tay, trước cả khi Lan gặp Hùng. Đứa bé gái là con của họ.","Lan thú nhận cô đã sinh con trong tuyệt vọng, nhưng vì hoàn cảnh quá khó khăn và bị gia đình từ chối, cô buộc phải gửi con cho một người thân nuôi dưỡng. Cô giấu Hùng vì sợ anh sẽ không chấp nhận quá khứ của cô và làm tan vỡ hạnh phúc hiện tại.","Hùng ban đầu sốc và đau khổ, nhưng khi hiểu được hoàn cảnh và sự hy sinh của vợ, anh dần thấu hiểu và tha thứ. Cả hai cùng nhau tìm lại đứa con gái của Lan, mở ra một chương mới cho gia đình.","Bí mật dù được giữ kín vì tình yêu hay nỗi sợ hãi, cuối cùng cũng sẽ phơi bày. Sự thấu hiểu và lòng bao dung mới là chìa khóa để hàn gắn và xây dựng lại niềm tin.",CONFESSION,RELATIONSHIP,71.8,26.9,28.2,20.8,IDEA_016,8.5,9.0,8.8,9.2,8.7,AWAITING_USER_REVIEW
IDEA_003,Chiếc Hộp Gỗ Của Người Bà Quá Cố,"Trong lúc dọn dẹp căn gác xép của người bà vừa mất, chị Mai phát hiện một chiếc hộp gỗ cũ kỹ được cất giấu kỹ lưỡng. Bên trong là một tập sổ tiết kiệm đã đáo hạn, một số giấy tờ nhà đất ở một tỉnh xa và một bức ảnh ố vàng chụp một người phụ nữ lạ.",Mai,Cháu gái và bà cố,Bà cố có một tài sản và một cuộc sống khác mà gia đình không hề hay biết.,Chiếc hộp chứa đựng bí mật gì về cuộc đời bà? Người phụ nữ trong ảnh là ai và tại sao bà lại có những tài sản ở nơi xa lạ?,Mai nghĩ rằng bà cố có thể đã có một mối tình bí mật hoặc một gia đình thứ hai.,"Mai tìm thấy một tờ giấy viết tay trong hộp, ghi lại những con số và ký hiệu khó hiểu, kèm theo một địa chỉ ở Đà Lạt.","Cô hỏi những người thân lớn tuổi hơn và được biết bà cố từng có một người bạn thân thiết đã mất liên lạc từ lâu, người đó cũng sống ở Đà Lạt.","Mai tra cứu thông tin về những tài sản trong giấy tờ và phát hiện chúng đều được mua vào những năm chiến tranh, bằng tên của bà và người phụ nữ lạ trong ảnh.","Người phụ nữ trong ảnh là bạn thân của bà cố, cả hai từng là những nữ chiến sĩ giao liên trong chiến tranh. Họ đã cùng nhau tích lũy tài sản từ những công việc làm thêm để giúp đỡ đồng đội khó khăn sau chiến tranh.","Tài sản trong sổ tiết kiệm và nhà đất không phải của riêng bà cố, mà là quỹ chung của một nhóm cựu chiến binh nữ mà bà cố là người quản lý. Bà đã giữ kín vì muốn thực hiện lời hứa cuối cùng với những người bạn đã khuất: dùng số tiền đó để xây một nhà tình thương nhỏ cho trẻ em mồ côi, như một di nguyện của nhóm.","Mai vô cùng xúc động và tự hào về sự hy sinh thầm lặng của bà. Cô cùng gia đình quyết định hoàn thành di nguyện của bà, biến số tài sản thành một trung tâm bảo trợ trẻ em, mang lại ý nghĩa to lớn cho những bí mật được chôn giấu.","Những bí mật đôi khi không phải là lỗi lầm, mà là gánh nặng của trách nhiệm và tình yêu thương vô bờ bến, chờ đợi thời điểm thích hợp để được hé lộ và tiếp nối.",OBJECT_DISCOVERY,MONEY,74.7,22.7,21.5,37.6,IDEA_015,8.8,9.2,9.0,9.1,8.9,AWAITING_USER_REVIEW
IDEA_004,Khoản Tiền Kỳ Lạ Của Bố,"Anh Nam phát hiện bố mình, một người đàn ông vốn rất tiết kiệm, lại thường xuyên chuyển những khoản tiền lớn tới một tài khoản lạ mà không ai trong gia đình biết. Hành động này diễn ra đều đặn hàng tháng suốt nhiều năm, khiến Nam vô cùng hoang mang.",Nam,Cha và con trai,Bố Nam bí mật chu cấp tiền cho một người lạ.,Ai là người nhận tiền từ bố Nam và vì sao bố lại phải giấu diếm mọi người?,Nam nghi ngờ bố có một gia đình khác hoặc đang bị lừa đảo tài chính.,"Nam tìm thấy một cuốn sổ ghi chép cũ của bố, trong đó có những dòng chữ mã hóa và một tên người phụ nữ lạ, kèm theo ngày tháng và số tiền chuyển khoản.","Trong một lần tình cờ, Nam nghe lỏm được cuộc điện thoại của bố, trong đó bố nhắc đến 'lời hứa năm xưa' và 'sự chuộc lỗi'.","Nam bí mật theo dõi bố và thấy ông ghé thăm một viện dưỡng lão ở ngoại ô thành phố, nơi ông thường xuyên trò chuyện với một cụ bà lớn tuổi.","Cụ bà ở viện dưỡng lão chính là người phụ nữ trong sổ của bố. Bà là vợ của người bạn thân nhất của bố Nam, người đã hy sinh trong chiến tranh để cứu bố Nam. Trước khi ra đi, người bạn đã nhờ bố Nam chăm sóc vợ con mình.","Bố Nam đã giữ lời hứa suốt mấy chục năm, âm thầm chu cấp cho cụ bà và con trai bà (người nhận tiền) sau khi con trai bà gặp biến cố sức khỏe. Bố giấu kín vì không muốn gia đình lo lắng và cũng vì đó là một lời hứa thiêng liêng giữa những người lính, ông không muốn kể lể.","Nam vỡ òa khi hiểu được sự hy sinh thầm lặng và lòng trung thành của bố. Gia đình Nam không chỉ tha thứ mà còn tự hào về ông, và cùng ông tiếp tục thực hiện lời hứa cao cả đó, tạo nên một cầu nối tình nghĩa giữa hai gia đình.",Những lời hứa thiêng liêng có thể trở thành gánh nặng nhưng cũng là động lực để con người sống trọn vẹn. Tình người không chỉ giới hạn trong huyết thống mà còn là sự gắn kết từ những ký ức và sự hy sinh cao đẹp.,MONEY_ANOMALY,FAMILY_HISTORY,76.1,23.5,22.2,27.5,IDEA_016,9.0,9.5,9.2,9.3,9.0,AWAITING_USER_REVIEW
IDEA_005,Cuộc Gọi Lúc Nửa Đêm,"Chị Lan và anh Minh là hai chị em ruột nhưng luôn trong tình trạng căng thẳng, mâu thuẫn vì tranh chấp đất đai. Một đêm nọ, Lan nhận được một cuộc gọi lạ từ số điện thoại của Minh, nhưng đầu dây bên kia chỉ là tiếng thở dốc và một câu nói đứt quãng 'Em... em không cố ý...'.",Lan,Hai chị em ruột (Lan và Minh),Minh đang che giấu một sự thật kinh hoàng liên quan đến mảnh đất tranh chấp.,Minh muốn nói điều gì? 'Không cố ý' là về chuyện gì và có liên quan đến cuộc tranh chấp đất đai không?,"Lan cho rằng Minh đang cố tình dàn dựng một vở kịch để gây áp lực trong vụ tranh chấp, hoặc anh ta đã làm điều gì đó sai trái liên quan đến giấy tờ đất.","Lan kiểm tra lại số điện thoại và thấy đó đúng là số của Minh, nhưng khi gọi lại thì không ai bắt máy.","Một người hàng xóm kể lại rằng đã thấy Minh đi lại lén lút gần khu đất tranh chấp vào đêm xảy ra cuộc gọi, vẻ mặt rất hoảng hốt.","Lan tìm thấy một bản đồ cũ vẽ tay về khu đất trong đồ đạc của mẹ, có đánh dấu một vị trí bí ẩn mà Minh luôn cố gắng tránh nhắc đến.","Minh không cố tình dàn dựng. Anh ta đã vô tình phát hiện ra một đường ống nước thải cũ bị rò rỉ ngay dưới mảnh đất tranh chấp, gây ô nhiễm nghiêm trọng cho nguồn nước ngầm của khu vực lân cận.","Minh đã cố gắng che giấu vì sợ việc này sẽ làm giảm giá trị mảnh đất và khiến anh mất lợi thế trong vụ tranh chấp với Lan. Cuộc gọi đêm đó là khi anh ta đang loay hoay tìm cách xử lý hậu quả, vừa sợ hãi bị phát hiện, vừa dằn vặt vì biết mình đã làm sai. 'Không cố ý' là anh không cố ý gây ra sự rò rỉ, mà chỉ là vô tình phát hiện.","Lan nhận ra em trai không phải xấu xa như cô nghĩ, mà chỉ đang mắc kẹt trong sự tham lam và sợ hãi. Cả hai chị em cùng nhau tìm cách khắc phục hậu quả, hàn gắn mối quan hệ và nhận ra giá trị thực sự của tình thân.","Đôi khi, những mâu thuẫn gia đình che mờ đi sự thật và động cơ thực sự của mỗi người. Lòng tham có thể khiến con người lạc lối, nhưng sự thật và tình yêu thương vẫn có thể dẫn lối họ quay về.",PHONE_CALL,FALSE_ASSUMPTION,78.7,21.3,17.6,22.4,IDEA_011,8.7,8.9,8.6,9.0,8.5,AWAITING_USER_REVIEW
IDEA_006,Tin Nhắn Cuối Cùng Của Người Bạn Thân,"Anh Quân nhận được một tin nhắn cuối cùng từ người bạn thân nhất, Tuấn, trước khi Tuấn qua đời trong một tai nạn giao thông bí ẩn. Tin nhắn chỉ vỏn vẹn hai chữ 'Tìm L.', khiến Quân bối rối và nghi ngờ về cái chết của Tuấn.",Quân,Bạn thân (Quân và Tuấn),Tuấn đang cố gắng cảnh báo Quân về một người tên L. và một bí mật nào đó trước khi chết.,L. là ai? Tuấn muốn Quân tìm kiếm điều gì và tin nhắn đó có liên quan gì đến tai nạn của Tuấn?,"Quân nghĩ L. là một người phụ nữ mà Tuấn có mối quan hệ bí mật, hoặc Tuấn đang bị một băng nhóm xã hội đen đe dọa.","Quân tìm thấy trong nhật ký của Tuấn những dòng chữ viết vội vàng về việc 'bị gài bẫy' và 'mất tất cả', nhưng không nhắc đến tên L. cụ thể.","Quân phát hiện Tuấn gần đây có tham gia một dự án đầu tư mạo hiểm cùng một nhóm bạn cũ, và người đứng đầu nhóm đó có tên viết tắt là 'L'.","Một người bạn chung kể rằng Tuấn gần đây rất lo lắng về số tiền đầu tư và có vẻ như đã bị lợi dụng, nhưng Tuấn luôn bảo vệ người tên L. đó.","L. không phải là người xấu xa. L. là Lê, người bạn thân thứ hai của Tuấn và Quân, cũng là người đứng đầu dự án đầu tư. Tuấn đã phát hiện ra Lê đang bị một đối tác khác lừa đảo, và Lê sắp mất trắng tất cả tài sản, thậm chí còn nợ nần chồng chất.","Tuấn đã bí mật rút toàn bộ tiền tiết kiệm của mình, thậm chí vay mượn thêm để âm thầm bù đắp vào khoản lỗ của Lê, giúp Lê tránh khỏi phá sản. Tin nhắn 'Tìm L.' không phải là tìm kiếm kẻ gây hại, mà là nhờ Quân giúp đỡ Lê sau khi anh đã hy sinh tài sản của mình để cứu bạn, và anh biết mình không còn nhiều thời gian (có thể Tuấn đã biết mình bị bệnh nan y hoặc có linh cảm về tai nạn).","Quân bàng hoàng và xúc động trước sự hy sinh cao cả của Tuấn. Anh cùng Lê tìm hiểu sự thật về việc Tuấn đã giúp đỡ, rồi cùng nhau đoàn kết để đòi lại công bằng từ kẻ lừa đảo. Tình bạn của họ được củng cố mạnh mẽ hơn bao giờ hết, vượt lên trên cái chết.","Tình bạn chân chính là sự hy sinh vô điều kiện, đôi khi phải đánh đổi bằng cả tài sản và bí mật. Sự thấu hiểu và lòng trung thành sẽ giúp ta vượt qua mọi thử thách, ngay cả khi đối mặt với mất mát.",MESSAGE,SACRIFICE,79.7,20.3,16.7,23.3,IDEA_018,8.6,9.1,8.7,9.0,8.8,AWAITING_USER_REVIEW
IDEA_007,Di Chúc Bất Ngờ Của Ông Nội,"Sau khi ông nội qua đời, gia đình anh Minh bàng hoàng khi luật sư công bố di chúc. Ngoài việc chia tài sản cho con cháu, ông còn để lại một phần lớn tài sản cho một người phụ nữ xa lạ tên 'Thúy Hằng' mà không ai trong gia đình biết.",Minh,Cháu và ông nội,"Ông nội có một mối quan hệ bí mật với Thúy Hằng, và di chúc chứa đựng một sự thật bị che giấu.",Thúy Hằng là ai? Tại sao ông nội lại để lại tài sản cho bà ấy và gia đình không hề hay biết?,"Gia đình Minh nghi ngờ Thúy Hằng là người tình bí mật của ông nội, hoặc bà ta đã lừa gạt ông.","Minh tìm thấy một bức thư cũ trong tập tài liệu của ông nội, trong đó ông nội nhắc đến một 'lỗi lầm tuổi trẻ' và 'sự hối hận'.","Một người bạn già của ông nội kể lại rằng ông nội từng có một mối tình sâu đậm với một cô gái nghèo nhưng bị gia đình ngăn cấm, và cô gái đó đã biến mất sau khi mang thai.","Minh phát hiện ra địa chỉ của Thúy Hằng, đó là một ngôi nhà nhỏ ở vùng quê nghèo, nơi bà đang sống cùng một người con trai có nét mặt rất giống ông nội.","Thúy Hằng không phải là người tình hiện tại, mà là mối tình đầu của ông nội. Bà đã mang thai con của ông nhưng bị gia đình ông ép buộc phải chia cắt và giữ kín chuyện này. Ông nội đã không biết bà có con.","Di chúc không phải là sự đền bù cho một mối tình vụng trộm, mà là sự chuộc lỗi cho một cuộc đời bị chia cắt và một người con trai bị ông nội vô tình bỏ rơi. Ông nội đã bí mật tìm lại Thúy Hằng và con trai mình cách đây vài năm. Ông muốn dùng tài sản để đảm bảo cuộc sống cho người con trai bị thiệt thòi và bù đắp cho những đau khổ mà Thúy Hằng đã phải chịu đựng suốt đời.","Gia đình Minh bàng hoàng nhưng cũng cảm động trước sự thật. Họ chấp nhận người con trai riêng của ông nội và cùng nhau hàn gắn những vết thương của quá khứ, biến di sản của ông thành cầu nối cho một gia đình rộng lớn hơn.","Những lỗi lầm của quá khứ, dù bị chôn vùi, vẫn có thể trỗi dậy và đòi hỏi sự chuộc lỗi. Di sản thực sự không chỉ là tài sản vật chất mà còn là sự thừa nhận, tình yêu thương và trách nhiệm đối với những người ta đã từng bỏ lỡ.",DOCUMENT,DECEPTION,65.4,28.0,34.6,26.2,IDEA_014,8.9,9.3,9.0,9.2,9.1,AWAITING_USER_REVIEW
IDEA_008,10 Năm Mất Trí Nhớ Của Bố,"Ông An, bố của chị Hương, đột ngột tỉnh lại sau 10 năm sống trong trạng thái thực vật do tai nạn. Ông không nhớ gì về 10 năm đó, nhưng lại luôn miệng nhắc về một cái tên lạ 'Thảo' và một địa chỉ ở một thành phố khác mà ông chưa từng đến.",Hương,Cha và con gái,"Trong 10 năm hôn mê, ông An đã trải qua một cuộc sống khác mà không ai biết, hoặc có một bí mật liên quan đến tên 'Thảo'.",Thảo là ai? Tại sao ông An lại nhớ về một địa chỉ lạ và 10 năm mất tích trong ký ức của ông có điều gì bất thường?,Hương nghi ngờ bố mình đã bị đưa đi đâu đó hoặc có người đã lợi dụng tình trạng của ông trong 10 năm đó.,"Hương tìm thấy một bản đồ cũ trong ngăn kéo của bố, trên đó có đánh dấu một ngôi nhà nhỏ và tên 'Thảo' được khoanh tròn.","Khi đến địa chỉ đó, Hương gặp một người phụ nữ lớn tuổi tên Thảo, bà ấy tỏ ra rất ngạc nhiên và xúc động khi nghe tên ông An.","Thảo đưa Hương xem một số giấy tờ tùy thân của ông An đã được làm lại với ngày tháng mới, cùng một số hóa đơn viện phí từ một bệnh viện khác.","Ông An không hề sống trong trạng thái thực vật suốt 10 năm. Sau tai nạn, ông đã bị mất trí nhớ hoàn toàn và bị đưa nhầm vào một bệnh viện tâm thần ở thành phố khác. Thảo là y tá chăm sóc ông.","Thảo đã tận tình chăm sóc và giúp ông An hồi phục một phần trí nhớ. Trong những năm đó, ông An đã sống một cuộc đời đơn giản, bình yên bên Thảo, thậm chí họ đã có một mối quan hệ gần gũi như gia đình. Giấy tờ tùy thân làm lại là để ông có thể ra viện và hòa nhập cộng đồng. Việc ông đột ngột tỉnh lại hoàn toàn là một phép màu, nhưng ký ức về gia đình cũ thì hoàn toàn trống rỗng, chỉ còn lại những ký ức gần nhất với Thảo.","Hương bàng hoàng nhận ra 10 năm qua không phải là mất mát mà là một cuộc đời khác của bố. Cô và gia đình chấp nhận sự thật, biết ơn Thảo và cùng nhau tìm cách dung hòa hai cuộc đời của ông An, tạo nên một câu chuyện cảm động về sự hồi sinh và tình người.","Ký ức có thể mất đi, nhưng tình người và sự kết nối vẫn có thể hình thành và tồn tại. Cuộc đời luôn chứa đựng những điều bất ngờ, và đôi khi, sự thật vượt xa mọi tưởng tượng.",MISSING_TIME,DOCUMENT,72.3,22.6,27.7,27.1,IDEA_015,9.1,9.4,9.3,9.0,9.2,AWAITING_USER_REVIEW
IDEA_009,Bức Ảnh Cũ Trong Ngăn Kéo Bí Mật,"Anh Phong thường xuyên thấy mẹ mình lén lút mở một ngăn kéo khóa kín trong tủ quần áo cũ của bố. Mỗi lần mở, mẹ lại lấy ra một bức ảnh ố vàng, ngắm nhìn nó một cách đau đáu, rồi lại cất đi và khóa lại ngay lập tức. Hành động này lặp đi lặp lại hàng tuần.",Phong,Con trai và mẹ,"Bức ảnh chứa đựng một bí mật lớn về quá khứ của mẹ hoặc bố, mà mẹ đang cố gắng che giấu.",Người trong ảnh là ai? Tại sao mẹ lại giữ nó bí mật và luôn ngắm nhìn với vẻ mặt đau khổ?,"Phong nghĩ rằng bức ảnh là của một người tình cũ của mẹ, hoặc bố có một người con riêng mà mẹ biết nhưng không dám nói.","Một lần, Phong vô tình thấy được người trong ảnh là một người đàn ông lạ, không phải bố anh, đang ôm một đứa bé sơ sinh.","Phong lục tìm trong máy tính cũ của bố và phát hiện một folder ẩn chứa những tài liệu về một vụ án mất tích trẻ em nhiều năm trước, và một trong số đó có hình ảnh của người đàn ông trong bức ảnh.","Phong nhận thấy ngày tháng trên bức ảnh trùng khớp với thời điểm mẹ anh từng phải nằm viện dài ngày vì một căn bệnh bí ẩn, theo lời kể của dì anh.","Người đàn ông trong ảnh là em trai ruột của mẹ Phong, người đã mất tích cùng con trai sơ sinh của mình trong một vụ án bắt cóc trẻ em nhiều năm trước. Đứa bé trong ảnh chính là con trai của em trai mẹ, tức là em họ của Phong.","Mẹ Phong không phải là người tình của người đàn ông trong ảnh. Bà đã chứng kiến toàn bộ vụ bắt cóc nhưng bị chấn động tâm lý nặng nề, dẫn đến mất trí nhớ tạm thời và bị giam giữ tại bệnh viện tâm thần. Bà giữ bức ảnh để không bao giờ quên khuôn mặt của em trai và cháu mình, và hành động lén lút là vì bà vẫn bị ám ảnh bởi sự kiện đó, không muốn nhắc lại và sợ hãi sẽ làm tổn thương gia đình. Folder ẩn của bố là những nỗ lực thầm lặng của ông để tìm kiếm thông tin về vụ mất tích.","Phong vỡ òa khi hiểu được nỗi đau và sự hy sinh thầm lặng của mẹ. Anh và bố cùng nhau tìm lại những manh mối còn sót lại, không chỉ để giải mã vụ án mà còn để hàn gắn vết thương lòng cho mẹ, mang lại sự bình yên cho bà.","Những ký ức đau buồn có thể bị chôn vùi nhưng không bao giờ biến mất. Sự thấu hiểu và lòng kiên trì có thể giúp ta vén màn bí mật, đối diện với quá khứ để tìm lại sự bình yên và công lý.",SECRET_ROUTINE,DIGITAL,71.4,22.6,28.6,17.3,IDEA_016,9.0,9.4,9.1,9.0,9.2,AWAITING_USER_REVIEW
IDEA_010,Lá Thư Từ Người Lạ,"Một buổi sáng, cô Hạnh nhận được một lá thư viết tay từ một người lạ, không có tên người gửi, chỉ có một dòng địa chỉ không rõ ràng. Nội dung thư là một lời xin lỗi mơ hồ và một câu hỏi 'Liệu chị còn nhớ về mùa hè năm đó không?'.",Hạnh,Cô Hạnh và một người lạ từ quá khứ,Cô Hạnh có một quá khứ bí ẩn gắn liền với một người lạ và một sự kiện trong mùa hè xa xưa.,Người gửi thư là ai? Mùa hè nào được nhắc đến và điều gì đã xảy ra trong mùa hè đó mà cô Hạnh không thể nhớ?,Hạnh nghĩ đây là một trò đùa dai của ai đó hoặc một người yêu cũ đang cố gắng liên lạc.,"Hạnh tìm thấy một tấm bưu thiếp cũ trong hộp kỷ vật của mình, có hình ảnh một bờ biển và một dòng chữ viết tay mờ nhạt 'Mùa hè đáng nhớ'.",Cô Hạnh bắt đầu có những giấc mơ kỳ lạ về một bãi biển và một giọng nói quen thuộc nhưng không thể xác định. Những giấc mơ này ngày càng rõ ràng hơn.,"Hạnh quyết định đến địa chỉ trên phong bì. Đó là một viện dưỡng lão. Tại đây, cô gặp một cụ bà đang cầm một bức ảnh cũ, trong đó có Hạnh và một cậu bé.",Cụ bà chính là người gửi thư. Bà là mẹ của cậu bé trong bức ảnh. Mùa hè được nhắc đến là mùa hè Hạnh bị lạc gia đình khi đi du lịch biển lúc còn nhỏ.,"Hạnh đã được gia đình cụ bà cưu mang trong vài ngày cho đến khi được tìm thấy. Trong thời gian đó, cô và cậu bé (con trai cụ bà) đã trở thành bạn thân. Tuy nhiên, sau khi Hạnh được tìm thấy, do một cú sốc tâm lý, cô đã hoàn toàn quên đi ký ức về những ngày đó và gia đình cụ bà. Cụ bà gửi thư vì con trai bà vừa qua đời, và bà muốn tìm lại Hạnh để kể cho cô nghe về tình bạn đẹp đẽ mà Hạnh đã quên, cũng như để hoàn thành tâm nguyện của con trai mình là gặp lại người bạn năm xưa.","Hạnh vỡ òa khi ký ức ùa về. Cô xúc động trước tình cảm của cụ bà và người con trai đã khuất. Cô tìm thấy một phần ký ức đã mất, một tình bạn đẹp và một gia đình thứ hai mà cô không hề hay biết, mang lại sự chữa lành sâu sắc cho tâm hồn.","Ký ức có thể phai mờ, nhưng tình người và những kết nối sâu sắc vẫn tồn tại, chờ đợi thời điểm để được đánh thức. Sự tha thứ và thấu hiểu có thể hàn gắn những khoảng trống trong tâm hồn, mang lại sự bình yên.",STRANGER,MEMORY,72.8,27.2,26.6,16.7,IDEA_019,8.8,9.2,8.9,9.1,8.7,AWAITING_USER_REVIEW
IDEA_011,Bức Ảnh Lạ Trong Điện Thoại Cũ,"Khi dọn dẹp nhà cửa, chị Linh tìm thấy chiếc điện thoại cũ của chồng mình, anh Nam, đã hỏng từ lâu. Trong lúc cố gắng bật lại, chị vô tình nhìn thấy một bức ảnh lạ trong thư viện ảnh: một người phụ nữ trẻ đang ôm một đứa bé, và người phụ nữ đó không phải là chị Linh.",Linh,Vợ chồng (Linh và Nam),Nam có một bí mật liên quan đến người phụ nữ và đứa bé trong ảnh mà Linh không hề hay biết.,Người phụ nữ và đứa bé đó là ai? Tại sao bức ảnh lại nằm trong điện thoại của chồng và anh Nam đã che giấu điều gì?,Linh nghi ngờ Nam có một người tình bí mật và một đứa con riêng. Cô cảm thấy bị phản bội.,"Linh phát hiện ra ngày chụp bức ảnh là vào khoảng thời gian Nam thường xuyên đi công tác xa, và anh luôn tỏ ra khó chịu khi chị hỏi về những chuyến đi đó.","Trong danh bạ điện thoại của Nam, Linh tìm thấy một số điện thoại được lưu dưới tên 'Công việc' nhưng lại có nhiều cuộc gọi đi và đến vào những khung giờ không phải làm việc.","Linh tìm thấy một chiếc vòng tay trẻ em trong hộp kỷ vật của Nam, có khắc tên 'An' và ngày sinh trùng khớp với ngày tháng trên bức ảnh.","Người phụ nữ trong ảnh là em gái ruột của Nam, đã mất trong một tai nạn thảm khốc sau khi sinh con. Đứa bé trong ảnh là cháu gái ruột của Nam, tên là An.","Nam không có con riêng. Anh đã nhận nuôi và chăm sóc cháu gái An sau khi em gái qua đời, vì cha của An cũng đã mất. Anh giấu kín chuyện này vì An sinh ra với một căn bệnh hiểm nghèo, cần chi phí điều trị rất lớn. Anh không muốn Linh lo lắng hay chịu gánh nặng tài chính, nên đã một mình gánh vác mọi thứ bằng cách làm thêm nhiều việc, thậm chí là làm công việc nguy hiểm. Anh sợ Linh sẽ không chấp nhận một đứa bé bệnh tật hay gánh nặng tài chính lớn như vậy.","Linh vỡ òa trong nước mắt khi hiểu được sự hy sinh thầm lặng và tình yêu thương vô bờ bến của chồng dành cho gia đình. Cô không chỉ tha thứ mà còn cảm phục anh, và cùng anh chia sẻ gánh nặng, yêu thương An như con ruột, tạo nên một gia đình lớn hơn và tràn đầy tình yêu.","Đôi khi, những bí mật được giữ kín không phải vì sự phản bội, mà vì tình yêu thương và sự hy sinh. Sự thấu hiểu và lòng bao dung là chìa khóa để vén màn những uẩn khúc, củng cố tình cảm gia đình.",FAMILY_PHOTO,IDENTITY,72.2,22.7,27.8,26.7,IDEA_018,9.2,9.5,9.3,9.4,9.1,AWAITING_USER_REVIEW
IDEA_012,Vị Giám Đốc Bí Ẩn Và Những Cuộc Họp Đêm,"Một đêm mưa tầm tã, Hùng, bảo vệ ca đêm của công ty, bất ngờ thấy giám đốc của mình, ông Vinh, bước vào văn phòng. Điều kỳ lạ là ông Vinh đã nghỉ hưu 3 năm trước và từ đó không hề xuất hiện. Đêm đó, Hùng nghe thấy tiếng nói chuyện rì rầm phát ra từ phòng giám đốc cũ của ông Vinh.",Hùng,Bảo vệ và cựu giám đốc,"Ông Vinh vẫn bí mật điều hành một phần công việc của công ty sau khi nghỉ hưu, nhưng không phải vì tham quyền cố vị.",Tại sao một cựu giám đốc đã nghỉ hưu lại lén lút quay lại công ty vào ban đêm để làm gì?,Hùng nghi ngờ ông Vinh đang tìm cách phá hoại công ty hoặc tuồn thông tin mật cho đối thủ cạnh tranh.,"Hùng tìm thấy những tài liệu cũ về một dự án nghiên cứu y tế dang dở trong phòng ông Vinh, cùng với danh sách các bệnh nhân nghèo.",Một đồng nghiệp cũ kể rằng ông Vinh từng rất tâm huyết với dự án phát triển thuốc giá rẻ cho người nghèo nhưng bị ban lãnh đạo mới gạt bỏ.,"Hùng nghe lén được một đoạn hội thoại, ông Vinh nói về việc 'không thể để công sức của bao nhiêu người đổ sông đổ biển' và 'phải giữ lời hứa với những người đã tin tưởng'.","Ông Vinh không phá hoại, mà đang cố gắng hoàn thành dự án thuốc giá rẻ bị đình chỉ, sử dụng các nguồn lực cá nhân và mạng lưới cũ để giúp đỡ những bệnh nhân nghèo mà ông đã hứa hẹn.","Động cơ thực sự là ông Vinh từng chứng kiến người thân qua đời vì không có tiền mua thuốc đắt đỏ, và dự án này là tâm huyết cả đời ông, một lời hứa danh dự với những bệnh nhân nghèo mà ông đã gặp gỡ và hứa hẹn. Ông lo sợ công trình bị thất lạc, và không ai đủ tâm huyết để tiếp tục.","Hùng từ chỗ nghi ngờ chuyển sang kính trọng và quyết định giúp đỡ ông Vinh. Câu chuyện về sự cống hiến thầm lặng của ông Vinh được lan truyền, tạo động lực cho nhiều người khác.","Đôi khi, những hành động tưởng chừng bí ẩn và sai trái lại ẩn chứa một động cơ cao cả, xuất phát từ lòng nhân ái và trách nhiệm cá nhân.",UNEXPECTED_VISITOR,MOTIVE,76.2,23.8,22.8,15.0,IDEA_017,8.5,9.0,8.8,9.2,8.7,AWAITING_USER_REVIEW
IDEA_013,Căn Nhà Không Cửa Sổ Và Tiếng Đàn Lúc Nửa Đêm,"Gia đình chị Mai chuyển đến khu phố mới, và họ đặc biệt chú ý đến căn nhà đối diện: một ngôi nhà cổ kính, không có lấy một chiếc cửa sổ nào hướng ra ngoài, và từ đó luôn văng vẳng tiếng đàn piano vào những đêm trăng tròn, dù chủ nhà đã đi vắng nhiều năm.",Mai,Hàng xóm mới và ngôi nhà bí ẩn,"Tiếng đàn không phải từ chủ cũ, mà là từ một người phụ nữ bị giam giữ trong căn nhà, người đã vô tình phát hiện ra một bí mật động trời của gia đình chủ nhà.",Ai đang chơi đàn trong căn nhà trống rỗng và tại sao nó không có cửa sổ?,"Chị Mai ban đầu nghĩ rằng đó là một hồn ma hoặc một người chủ cũ bị ám ảnh bởi âm nhạc, hoặc có thể là một trò đùa của bọn trẻ trong xóm.","Mai tìm thấy một tờ báo cũ bị kẹt dưới khe cửa, đưa tin về vụ mất tích bí ẩn của một nghệ sĩ piano trẻ cách đây 20 năm, tên là Thảo.","Trong một lần vô tình nhìn vào khe cửa hé mở khi đi ngang qua, Mai thấy một bóng người lướt qua nhanh chóng, giống như đang lẩn trốn.",Mai phát hiện ra rằng hàng xóm cũ của căn nhà đó đã chuyển đi đột ngột sau khi kể về những tiếng động lạ và bóng người mờ ảo bên trong.,"Tiếng đàn là thật, và có một người phụ nữ đang sống trong căn nhà. Cô ấy chính là Thảo, nghệ sĩ piano mất tích, bị giam giữ bởi người chủ nhà cũ – người đã cướp đi bản quyền sáng tác của cô và giam giữ cô để che giấu tội ác.","Thảo bị giam giữ trong căn nhà đó nhiều năm. Cô chơi đàn để gửi tín hiệu cầu cứu, hy vọng có ai đó sẽ nhận ra bản nhạc riêng của cô. Căn nhà không cửa sổ là để ngăn cô trốn thoát và ngăn người ngoài nhìn vào. Chủ nhà đã chết cách đây vài năm, nhưng căn nhà vẫn được khóa kín từ bên ngoài bởi một người thân của chủ nhà, sợ bí mật bị lộ.","Thảo được giải cứu, đoàn tụ với gia đình sau nhiều năm mất tích. Câu chuyện của cô trở thành lời nhắc nhở về sự tàn nhẫn và lòng tham, nhưng cũng là minh chứng cho sức mạnh của nghệ thuật và hy vọng.","Đôi khi, những bí ẩn tưởng chừng phi lý lại ẩn chứa những sự thật đau lòng về số phận con người, và nghệ thuật có thể là tiếng nói cuối cùng của sự sống.",IMPOSSIBLE_FACT,TIMELINE,77.6,22.3,22.4,12.0,IDEA_002,9.0,9.2,9.0,8.5,9.0,AWAITING_USER_REVIEW
IDEA_014,Lời Thú Tội Giữa Mê Man,"Trong cơn mê man sau một tai nạn giao thông nghiêm trọng, ông Sáu, người cha mẫu mực của gia đình, bất ngờ thì thầm một cái tên xa lạ: 'Loan... anh xin lỗi... đứa bé...'. Con gái ông, Hạnh, chết lặng khi nghe thấy những lời này, bởi cha cô chưa bao giờ nhắc đến bất kỳ ai tên Loan.",Hạnh,Cha và con gái,"Ông Sáu từng có một cuộc tình thời trẻ và một đứa con riêng mà ông luôn nghĩ đã chết, nhưng sự thật là mẹ của đứa bé đã nói dối để giấu đi.",Loan là ai? Và 'đứa bé' mà ông Sáu nhắc đến là gì?,"Hạnh ban đầu nghĩ rằng ông Sáu đã ngoại tình khi mẹ cô còn sống, hoặc ông có một mối tình thời trẻ đầy bi kịch mà ông vẫn còn day dứt.","Hạnh tìm thấy một bức thư cũ trong hộp kỷ vật của cha, viết bởi một người phụ nữ tên Loan, đề cập đến 'con của chúng ta' và 'sự lựa chọn khó khăn'.",Một người bạn già của ông Sáu kể lại rằng ông Sáu từng yêu một cô gái tên Loan nhưng gia đình ông đã phản đối kịch liệt vì Loan xuất thân nghèo khó.,Hạnh tìm được địa chỉ cũ của Loan và đến đó. Người hàng xóm cũ kể rằng Loan đã rời đi đột ngột sau khi sinh một bé gái và luôn nói rằng đứa bé đã mất.,"Loan không phải là người tình ngoại tình, mà là mối tình đầu của ông Sáu. Bà đã nói dối ông rằng đứa bé đã chết để tự mình nuôi dưỡng con, vì bà không muốn ông Sáu phải từ bỏ gia đình và sự nghiệp vì bà và đứa bé.","Sự thật là Loan đã bị gia đình ông Sáu ép buộc phải rời xa, và bà đã quyết định nói dối về cái chết của đứa bé để bảo vệ cả đứa bé lẫn ông Sáu khỏi sự kỳ thị và áp lực xã hội. Đứa bé đó vẫn còn sống và đang sống một cuộc đời bình thường ở một nơi khác, không hề biết về người cha ruột của mình.","Hạnh tìm được người chị cùng cha khác mẹ. Gia đình ông Sáu phải đối mặt với sự thật đau lòng nhưng cũng là cơ hội để hàn gắn và hiểu rõ hơn về quá khứ của cha mình. Ông Sáu, sau khi tỉnh lại, được giải tỏa gánh nặng tâm lý suốt bao năm.","Những lời nói dối xuất phát từ tình yêu và sự hy sinh có thể tạo nên những vết sẹo sâu sắc, nhưng sự thật, dù đau lòng, vẫn là con đường duy nhất dẫn đến sự chữa lành.",CONFESSION,DECEPTION,65.4,25.6,34.6,20.8,IDEA_007,8.8,9.5,8.7,9.0,9.2,AWAITING_USER_REVIEW
IDEA_015,Chiếc Khăn Tay Thêu Tên Và Lá Thư Tình Cũ,"Trong lúc dọn dẹp nhà kho của người dì vừa mất, An tìm thấy một chiếc hộp gỗ cũ kỹ. Bên trong là một chiếc khăn tay thêu tên 'H.A.' và một tập thư tình đã úa màu, không đề tên người gửi, nhưng ngôn từ nồng nàn đến lạ.",An,Cháu gái và dì,"Dì của An từng có một mối tình sâu đậm với một người đàn ông đã có gia đình, và những lá thư đó là minh chứng cho một tình yêu bị cấm đoán nhưng đầy hy sinh.","Ai là người đã gửi những lá thư tình này cho dì An, và tại sao dì lại giữ chúng kín đáo đến vậy?","An ban đầu nghĩ rằng dì cô từng có một mối tình lãng mạn bí mật với một người đàn ông độc thân, nhưng vì lý do nào đó mà họ không thể đến được với nhau.",Một lá thư nhắc đến 'những cuộc hẹn lén lút ở quán cà phê góc phố cũ' và 'nỗi sợ hãi bị phát hiện'.,"An tìm thấy một bức ảnh cũ chụp dì cô cùng một nhóm bạn. Trong đó có một người đàn ông tên Hưng, mà dì cô luôn giữ khoảng cách một cách kỳ lạ mỗi khi nhắc đến.","An tìm thấy một bài báo cũ về đám cưới của một doanh nhân thành đạt tên Hưng, kèm theo bức ảnh chụp cô dâu đeo một chiếc khăn tay tương tự chiếc khăn thêu tên 'H.A.' của dì An.","Người gửi thư chính là Hưng, người đàn ông đã có gia đình. Chiếc khăn tay là kỷ vật tình yêu của dì An và Hưng, nhưng chiếc khăn trên tay cô dâu trong ảnh không phải của dì, mà là một chiếc khăn khác được thêu tên tương tự, tạo ra sự hiểu lầm.","Dì An và Hưng đã yêu nhau say đắm khi còn trẻ. Hưng đã có vợ sắp cưới do sắp đặt của gia đình. Dì An quyết định buông tay để Hưng có thể hoàn thành trách nhiệm với gia đình. Những lá thư là những lời hứa hẹn và nỗi day dứt của Hưng, còn dì An giữ chúng như kỷ vật của một tình yêu không thể thành. Chiếc khăn tay của cô dâu trong bài báo là của người vợ, được thêu tên tương tự để tạo sự nhầm lẫn và che giấu mối quan hệ của dì An và Hưng, do người vợ đã biết về dì An và muốn xóa bỏ mọi dấu vết.",An hiểu được sự hy sinh thầm lặng của dì mình. Câu chuyện về tình yêu bị cấm đoán nhưng đầy cao thượng của dì trở thành bài học về sự lựa chọn và lòng vị tha.,"Tình yêu không phải lúc nào cũng tìm thấy lối thoát, nhưng sự hy sinh chân thành có thể biến nỗi đau thành một kỷ niệm đẹp đẽ, vĩnh cửu trong tâm hồn.",OBJECT_DISCOVERY,DOCUMENT,71.1,26.2,27.7,37.6,IDEA_019,8.7,9.0,8.5,8.8,8.9,AWAITING_USER_REVIEW
IDEA_016,Số Tiền Lạ Trong Tài Khoản Con Gái Nuôi,"Bà Hoa, một người phụ nữ chất phác, bất ngờ phát hiện tài khoản ngân hàng của con gái nuôi mình, Lan, hàng tháng đều nhận được một khoản tiền lớn từ một tài khoản ẩn danh. Bà Hoa biết Lan luôn tự lập và không có mối quan hệ nào đặc biệt giàu có.",Bà Hoa,Mẹ nuôi và con gái nuôi,"Lan không phải là đứa con nuôi bị bỏ rơi, mà là con ruột của một gia đình giàu có, bị đánh tráo tại bệnh viện, và khoản tiền đó là tiền chu cấp từ gia đình ruột, được chuyển qua một người trung gian để giữ bí mật.",Ai đang chu cấp tiền cho Lan và tại sao lại giữ kín như vậy?,"Bà Hoa nghi ngờ Lan đang hẹn hò với một người đàn ông giàu có đã có gia đình, hoặc Lan đang vướng vào một đường dây phi pháp nào đó.","Bà Hoa tìm thấy một giấy tờ cũ về việc nhận nuôi Lan, trong đó có một chi tiết nhỏ về tên bệnh viện nơi Lan được sinh ra, khác với thông tin Lan vẫn thường kể.","Trong điện thoại cũ của Lan, bà Hoa thấy tin nhắn trao đổi với một người lạ về 'tiền trợ cấp' và 'không được để mẹ nuôi biết'.","Bà Hoa tra cứu thông tin về bệnh viện đó và phát hiện có một vụ kiện tụng lớn về việc nhầm lẫn trẻ sơ sinh cách đây hơn 20 năm, đúng vào thời điểm Lan chào đời.","Lan không phải là đứa con nuôi bị bỏ rơi. Cô là con ruột của một gia đình giàu có, bị đánh tráo tại bệnh viện ngay sau khi sinh. Gia đình ruột của Lan đã tìm ra cô và đang bí mật chu cấp tiền qua một người trung gian.","Gia đình ruột của Lan sợ rằng việc tiết lộ sự thật sẽ gây sốc cho Lan và làm tan vỡ gia đình nuôi của cô. Họ thuê một luật sư làm trung gian để chu cấp tiền, theo dõi cuộc sống của Lan từ xa, và tìm cách tiếp cận cô một cách từ từ. Họ đã có ý định tiết lộ sự thật nhưng chưa tìm được thời điểm thích hợp. Người mẹ ruột của Lan luôn day dứt vì không được nuôi dưỡng con gái mình.","Lan đối mặt với sự thật về thân phận mình, trải qua cú sốc lớn nhưng cũng là cơ hội để cô hiểu rõ hơn về nguồn gốc và được đoàn tụ với gia đình ruột. Bà Hoa chấp nhận sự thật và ủng hộ con gái, cho thấy tình mẹ nuôi thiêng liêng không kém gì tình máu mủ.","Thân phận con người có thể bị che giấu bởi những bí mật tưởng chừng không thể phá vỡ, nhưng tình yêu thương và khát khao sự thật luôn tìm được con đường để gắn kết những mảnh đời lại với nhau.",MONEY_ANOMALY,DIGITAL,71.4,28.0,28.6,27.5,IDEA_002,9.0,9.3,9.0,8.8,9.1,AWAITING_USER_REVIEW
IDEA_017,Cuộc Gọi Nửa Đêm Và Món Nợ Vô Hình,"Mỗi đêm, ông Hoàng, một người đàn ông trung niên sống trầm lặng, đều nhận được một cuộc gọi từ số lạ. Ông chỉ im lặng lắng nghe, rồi cúp máy với vẻ mặt đầy ám ảnh. Con trai ông, Hải, bắt đầu lo lắng về những bí mật mà cha mình đang che giấu.",Hải,Cha và con trai,"Ông Hoàng đang gánh một khoản nợ khổng lồ từ một người bạn cũ đã qua đời, do một lời hứa danh dự mà ông không muốn phá vỡ, và người gọi đến là con của người bạn đó.","Ai là người gọi cho ông Hoàng mỗi đêm, và tại sao ông lại có vẻ sợ hãi như vậy?","Hải nghĩ rằng cha mình đang bị xã hội đen đe dọa vì một khoản nợ cờ bạc, hoặc ông có liên quan đến một vụ án nào đó trong quá khứ.","Hải tìm thấy một cuốn sổ tay cũ của ông Hoàng, ghi chép những con số lớn và tên của một người bạn đã mất từ lâu: 'Long'.","Hải nghe lén cuộc gọi. Bên kia là giọng một phụ nữ trẻ, nói về 'tiền học phí' và 'lời hứa của cha anh'.","Hải tìm đến nhà người bạn cũ của cha, Long. Con gái của Long kể rằng cha cô từng cho ông Hoàng vay một khoản tiền lớn để cứu công ty của ông Hoàng khỏi phá sản, với lời hứa sẽ trả lại khi cô bé lớn lên.","Cuộc gọi không phải là đe dọa, mà là lời nhắc nhở từ con gái của người bạn đã mất của ông Hoàng. Khoản nợ đó không phải là nợ cờ bạc, mà là một khoản vay lớn để cứu công ty của ông Hoàng khỏi phá sản nhiều năm trước.","Ông Hoàng từng gặp khó khăn tột độ, được người bạn thân Long giúp đỡ bằng một khoản tiền lớn. Long không đòi hỏi giấy tờ, chỉ yêu cầu ông Hoàng hứa sẽ trả lại khi con gái Long đủ tuổi đi học đại học, để đảm bảo tương lai cho cô bé. Long đã qua đời đột ngột, và ông Hoàng luôn day dứt vì chưa thể thực hiện lời hứa. Ông đã cố gắng tích cóp, nhưng công việc không thuận lợi, khiến ông rơi vào tình trạng khó khăn. Cuộc gọi mỗi đêm là nỗi ám ảnh, nhắc nhở ông về lời hứa chưa thể thực hiện và sự thất hứa.","Hải hiểu được gánh nặng của cha và quyết định cùng cha trả nợ. Cô con gái của Long cũng hiểu được hoàn cảnh của ông Hoàng và đồng ý cho thêm thời gian. Câu chuyện là bài học về tình bạn, danh dự và trách nhiệm gia đình.","Lời hứa danh dự, dù không được ghi trên giấy trắng mực đen, vẫn có thể trở thành gánh nặng cả đời, đòi hỏi sự dũng cảm và trách nhiệm để đối mặt và hóa giải.",PHONE_CALL,MEMORY,73.4,23.8,26.6,22.4,IDEA_010,8.5,9.0,8.8,9.2,8.7,AWAITING_USER_REVIEW
IDEA_018,Tin Nhắn Từ Căn Nhà Bị Niêm Phong,"Sau khi căn nhà cổ của bà nội bị niêm phong để giải quyết tranh chấp đất đai, Hùng bất ngờ nhận được một tin nhắn lạ từ số điện thoại của bà nội đã mất: 'Đừng bán nhà. Bí mật ở dưới gốc cây khế'.",Hùng,Cháu trai và bà nội,"Bà nội không muốn bán nhà vì dưới gốc cây khế có một tài sản giá trị lớn, được chôn giấu để bảo vệ một bí mật khác của gia đình, liên quan đến thân phận thật của một thành viên.","Ai đã gửi tin nhắn từ số điện thoại của bà nội, và bí mật dưới gốc cây khế là gì?","Hùng nghĩ rằng đó là một trò đùa của ai đó biết số điện thoại của bà nội, hoặc có thể là một người thân muốn ngăn cản việc bán nhà để trục lợi.","Hùng nhớ lại một lần bà nội từng kể về một 'người khách lạ' đến thăm nhà vào những năm chiến tranh, và sau đó bà thường xuyên ra gốc cây khế một mình.","Một người hàng xóm cũ kể rằng bà nội Hùng từng nhận nuôi một đứa bé bị bỏ rơi, nhưng sau đó đứa bé được một gia đình khác đưa đi mà không ai rõ lý do.","Hùng bí mật đào dưới gốc cây khế và tìm thấy một chiếc hộp sắt chứa đầy vàng miếng, cùng với một bức thư cũ và một giấy khai sinh.","Tin nhắn là thật, được bà nội Hùng cài đặt gửi tự động sau một thời gian nhất định sau khi bà mất, phòng trường hợp gia đình định bán nhà. Bí mật dưới gốc cây khế là một kho báu và bằng chứng về một sự thật khác.","Kho báu đó là tài sản của một gia đình giàu có gửi gắm bà nội Hùng trong thời chiến, cùng với đứa con của họ. Bà nội đã nhận nuôi đứa bé, nhưng sau đó gia đình ruột của đứa bé quay lại và đưa con đi, để lại kho báu như một lời cảm ơn và để bà giữ bí mật thân phận đứa bé. Bà nội không muốn bán nhà vì kho báu đó là vật giữ lời hứa, và bà muốn con cháu tìm ra sự thật về thân phận thật của 'người khách lạ' – người mà bà nội đã nhận lời giữ bí mật cho đến cuối đời.","Hùng và gia đình tìm thấy kho báu, nhưng quan trọng hơn là họ khám phá ra một phần lịch sử gia đình đầy cảm động và sự hy sinh của bà nội. Họ quyết định tìm kiếm người thân của đứa bé bị bỏ rơi ngày xưa.","Những bí mật được chôn giấu dưới lòng đất có thể là những câu chuyện về tình người, sự hy sinh và trách nhiệm, vượt lên trên giá trị vật chất.",MESSAGE,IDENTITY,72.2,25.4,27.8,23.3,IDEA_011,8.8,9.2,8.9,8.7,9.0,AWAITING_USER_REVIEW
IDEA_019,Bức Thư Tay Của Người Ông Đã Khuất,"Trong lúc dọn dẹp bàn làm việc của người ông vừa qua đời, Linh tìm thấy một bức thư tay cũ kỹ, không đề ngày tháng. Nội dung bức thư là những lời sám hối và xin lỗi sâu sắc đến một người phụ nữ tên Thoa, người mà ông Linh chưa từng nghe ông nhắc đến.",Linh,Cháu gái và ông nội,"Ông Linh từng có một người vợ đầu tiên là Thoa, người đã bị gia đình ông ruồng bỏ vì không thể sinh con, và ông đã phải cưới người khác dưới áp lực gia đình.","Thoa là ai, và tại sao ông nội lại phải sám hối với bà?",Linh ban đầu nghĩ rằng ông nội có một mối tình vụng trộm hoặc đã làm điều gì đó sai trái với Thoa trong quá khứ.,"Linh tìm thấy một tấm ảnh cũ ố vàng, chụp ông nội thời trẻ cùng một người phụ nữ xinh đẹp, phía sau có ghi tên 'Thoa - 1945'.","Một người họ hàng lớn tuổi kể rằng ông nội từng có một mối tình đầu rất sâu đậm, nhưng không bao giờ kể rõ lý do tại sao họ lại chia tay.","Linh tìm thấy một sổ ghi chép gia phả cũ, trong đó có một dòng bị gạch xóa về 'người vợ đầu tiên' của ông nội, và tên Thoa được viết mờ bên cạnh.","Thoa không phải là người tình, mà là người vợ đầu tiên của ông nội. Bức thư là lời sám hối của ông vì đã không bảo vệ được bà trước áp lực của gia đình.","Ông nội và Thoa yêu nhau sâu đậm và kết hôn. Tuy nhiên, do Thoa không thể sinh con, gia đình ông nội (đặc biệt là bà cố) đã gây áp lực buộc ông phải ly dị để cưới người khác, nhằm có người nối dõi. Ông nội đã phải chịu đựng nỗi đau chia ly, và cưới bà nội của Linh sau đó, nhưng suốt đời ông vẫn mang nặng mặc cảm tội lỗi và nỗi nhớ về Thoa. Bức thư là những lời ông muốn nói với Thoa nhưng không bao giờ dám gửi đi, chỉ để trong lòng như một gánh nặng.","Linh hiểu được bi kịch tình yêu của ông nội và sự khắc nghiệt của định kiến xã hội thời xưa. Gia đình Linh cùng nhau tìm hiểu về Thoa, và quyết định viết lại câu chuyện của bà vào gia phả, tôn vinh tình yêu và sự hy sinh của ông nội.","Những định kiến xã hội và áp lực gia đình có thể tạo nên bi kịch tình yêu, để lại những vết sẹo sâu sắc trong lòng người, và những lời sám hối không thể nói ra là gánh nặng lớn nhất.",DOCUMENT,MOTIVE,72.8,27.2,27.1,27.4,IDEA_015,8.7,9.3,8.6,9.0,9.1,AWAITING_USER_REVIEW
IDEA_020,Chiếc Đồng Hồ Cũ Và Khoảng Thời Gian Bị Mất,"An phát hiện chiếc đồng hồ quả quýt cũ của ông nội mình, một người lính đã hy sinh trong chiến tranh. Chiếc đồng hồ không chạy, nhưng kim giờ và kim phút lại dừng ở một thời điểm lạ: 3 giờ 15 phút, và An không thể nhớ ông nội mình từng đeo chiếc đồng hồ này.",An,Cháu gái và ông nội,"Chiếc đồng hồ không phải của ông nội An. Nó thuộc về một người lính khác, đã hy sinh cùng chiến hào với ông nội, và thời điểm 3 giờ 15 phút là lúc cả hai bị phục kích, ông nội An đã sống sót nhờ sự hy sinh của người đồng đội đó.","Tại sao chiếc đồng hồ của ông nội lại dừng ở thời điểm lạ lùng đó, và tại sao An chưa từng thấy nó trước đây?",An nghĩ rằng 3 giờ 15 phút là một mật mã hoặc một dấu hiệu bí ẩn mà ông nội muốn để lại cho gia đình.,"Trong nhật ký chiến trường của ông nội, An đọc được một đoạn viết về 'người bạn thân nhất, đã hy sinh để cứu tôi' và 'chiếc đồng hồ của anh ấy'.",An tìm thấy một bức ảnh cũ chụp ông nội cùng một người lính khác. Người lính đó đeo một chiếc đồng hồ tương tự chiếc mà An đang cầm.,"An gặp một cựu chiến binh cùng đơn vị với ông nội. Ông kể rằng vào ngày đó, 3 giờ 15 phút, đơn vị của họ bị phục kích. Người đồng đội của ông nội đã dùng thân mình che chắn, giúp ông nội sống sót, và chiếc đồng hồ của anh ta đã bị vỡ và dừng lại ở khoảnh khắc đó.",Chiếc đồng hồ không phải của ông nội An. Nó thuộc về người đồng đội đã hy sinh để cứu ông nội. Thời điểm 3 giờ 15 phút là khoảnh khắc người đồng đội đó hy sinh.,"Ông nội An đã giữ chiếc đồng hồ như một kỷ vật của người đồng đội, một lời nhắc nhở về sự hy sinh cao cả và gánh nặng của người sống sót. Ông không bao giờ đeo nó hoặc nhắc đến nó, vì không muốn gia đình phải chịu đựng nỗi đau và sự day dứt của ông. Ông đã giữ bí mật này suốt đời, mang theo mặc cảm tội lỗi của người sống sót, và chỉ để lại chiếc đồng hồ như một cách để câu chuyện của người đồng đội không bị lãng quên.",An và gia đình hiểu được sự hy sinh thầm lặng của ông nội và người đồng đội. Họ quyết định tìm kiếm gia đình người đồng đội đã khuất để trao lại kỷ vật và kể lại câu chuyện về người anh hùng vô danh.,"Chiến tranh không chỉ để lại những vết sẹo thể xác mà còn là gánh nặng tinh thần, những bí mật được chôn giấu trong lòng, và sự hy sinh cao cả của những người anh hùng vô danh.",MISSING_TIME,TIMELINE,72.9,26.1,27.1,27.1,IDEA_019,8.9,9.5,9.0,9.1,9.2,AWAITING_USER_REVIEW
IDEA_021,Tài Khoản Mạng Xã Hội Giấu Kín Của Mẹ,"Mai tình cờ phát hiện ra một tài khoản mạng xã hội ẩn danh của mẹ mình, bà Lan, với những bài đăng về một cuộc sống hoàn toàn khác, những tâm sự về nỗi cô đơn, áp lực và những ước mơ chưa thực hiện, hoàn toàn trái ngược với hình ảnh người mẹ hạnh phúc, tận tụy mà cô vẫn biết.",Mai,Con gái và mẹ,"Bà Lan đã bí mật xây dựng một thế giới ảo để thoát ly khỏi thực tại hôn nhân không hạnh phúc và áp lực gia đình, nơi bà có thể thể hiện con người thật của mình và tìm kiếm sự đồng cảm từ những người lạ.",Tại sao mẹ Mai lại có một tài khoản mạng xã hội bí mật với cuộc sống khác?,"Mai ban đầu nghĩ rằng mẹ mình đang có mối quan hệ ngoài luồng, hoặc bà đang bị lừa đảo trên mạng xã hội.","Mai đọc được những bình luận từ những người bạn ảo, họ gọi mẹ cô bằng một cái tên khác và nhắc đến những cuộc hẹn hò 'trên mạng'.","Mai phát hiện mẹ thường thức khuya, lén lút sử dụng điện thoại và có những biểu hiện trầm tư khi không có ai ở gần.","Trong một bài đăng, mẹ Mai viết về 'nỗi thất vọng về một cuộc hôn nhân không tình yêu' và 'khát khao được sống là chính mình'.","Mẹ Mai không có mối quan hệ ngoài luồng hay bị lừa đảo. Tài khoản mạng xã hội đó là nơi bà tìm thấy sự đồng cảm và thể hiện con người thật của mình, thoát khỏi vai trò người vợ, người mẹ hoàn hảo trong mắt gia đình.","Bà Lan đã kết hôn với cha Mai theo sự sắp đặt của gia đình, không có tình yêu. Suốt nhiều năm, bà đã cố gắng làm tròn bổn phận, nhưng sâu thẳm bên trong là sự cô đơn và những ước mơ bị kìm nén. Tài khoản mạng xã hội là 'cánh cửa' duy nhất để bà thoát khỏi thực tại, nơi bà được tự do chia sẻ cảm xúc, kết bạn với những người có cùng hoàn cảnh, và thậm chí 'sống' một cuộc đời mà bà ao ước, với những sở thích và đam mê bị gia đình coi nhẹ. Bà không hề có ý định phản bội gia đình, mà chỉ tìm kiếm một không gian riêng để thở.","Mai hiểu được nỗi lòng của mẹ, và nhận ra rằng hình ảnh người mẹ hoàn hảo mà cô từng biết chỉ là một phần. Cô quyết định nói chuyện thẳng thắn với cha, giúp mẹ tìm lại tiếng nói và hạnh phúc thật sự trong cuộc sống.","Trong thời đại số, những bí mật ẩn sau màn hình có thể là tiếng kêu cứu thầm lặng của những tâm hồn đang khao khát được thấu hiểu, và đôi khi, điều cần thiết nhất là sự lắng nghe chân thành từ những người thân yêu.",SECRET_ROUTINE,RELATIONSHIP,75.5,23.1,24.5,17.3,IDEA_002,9.0,9.3,8.8,9.0,9.1,AWAITING_USER_REVIEW
