episode_id,scene_id,order,start_time,end_time,duration,image_status,video_status,visual_mode,video_recommended,video_score,character_refs_required,location_ref,prop_refs,prompt_version,prompt_hash
EP011,SC_001,1,0.0,17.627,17.627,NOT_GENERATED,NOT_GENERATED,VIDEO_RECOMMENDED,YES,7,CHAR_LINH,LOC_KHO_DO_CU,PROP_OLD_PHONE_01,1.0.0a,7978b7136b6b
EP011,SC_002,2,17.627,33.059,15.432,NOT_GENERATED,NOT_GENERATED,IMAGE_ONLY,NO,3,CHAR_LINH,LOC_KHO_DO_CU,PROP_OLD_PHONE_01,1.0.0a,c3e5787c2ca2
EP011,SC_003,3,33.059,51.382,18.323,NOT_GENERATED,NOT_GENERATED,IMAGE_ONLY,NO,2,,LOC_PHONG_KHACH_LINH_NAM,,1.0.0a,340ee8125c09
EP011,SC_004,4,51.382,68.202,16.82,NOT_GENERATED,NOT_GENERATED,IMAGE_ONLY,NO,3,,LOC_PHONG_KHACH_LINH_NAM,,1.0.0a,030ee2eb2545
EP011,SC_005,5,68.202,83.982,15.78,NOT_GENERATED,NOT_GENERATED,IMAGE_ONLY,NO,2,CHAR_LINH,LOC_PHONG_KHACH_LINH_NAM,,1.0.0a,7ea4064c424d
EP011,SC_006,6,83.982,99.852,15.87,NOT_GENERATED,NOT_GENERATED,IMAGE_ONLY,NO,3,CHAR_NAM_PRESENT,LOC_PHONG_KHACH_LINH_NAM,,1.0.0a,f4e2cee41298
EP011,SC_007,7,99.852,118.092,18.24,NOT_GENERATED,NOT_GENERATED,IMAGE_ONLY,NO,3,CHAR_LINH,LOC_KHO_DO_CU,,1.0.0a,c35e952efcc4
EP011,SC_008,8,118.092,134.598,16.506,NOT_GENERATED,NOT_GENERATED,VIDEO_RECOMMENDED,YES,9,CHAR_LINH,LOC_KHO_DO_CU,PROP_OLD_PHONE_01,1.0.0a,c4e603a26ffd
EP011,SC_009,9,134.598,150.025,15.427,NOT_GENERATED,NOT_GENERATED,IMAGE_ONLY,NO,2,,LOC_KHO_DO_CU,PROP_OLD_PHONE_01;PROP_HOSPITAL_PHOTO_2012,1.0.0a,255cdb114106
EP011,SC_010,10,150.025,166.75,16.725,NOT_GENERATED,NOT_GENERATED,IMAGE_ONLY,NO,3,CHAR_LINH,LOC_KHO_DO_CU,PROP_OLD_PHONE_01,1.0.0a,3881493b37ac
EP011,SC_011,11,166.75,185.727,18.977,NOT_GENERATED,NOT_GENERATED,IMAGE_ONLY,NO,2,,LOC_KHO_DO_CU,PROP_OLD_PHONE_01,1.0.0a,2a3b6997ed0c
EP011,SC_012,12,185.727,202.868,17.141,NOT_GENERATED,NOT_GENERATED,IMAGE_ONLY,NO,3,CHAR_LINH;CHAR_NAM_PRESENT,LOC_PHONG_KHACH_LINH_NAM,,1.0.0a,87c995267711
EP011,SC_013,13,202.868,216.357,13.489,NOT_GENERATED,NOT_GENERATED,IMAGE_ONLY,NO,4,CHAR_LINH,LOC_PHONG_KHACH_LINH_NAM,,1.0.0a,1f0cdea8c3cf
EP011,SC_014,14,216.357,231.594,15.237,NOT_GENERATED,NOT_GENERATED,VIDEO_RECOMMENDED,YES,8,CHAR_LINH,LOC_KHO_DO_CU,,1.0.0a,e6c295db3683
EP011,SC_015,15,231.594,248.015,16.421,NOT_GENERATED,NOT_GENERATED,IMAGE_ONLY,NO,4,CHAR_LINH,LOC_KHO_DO_CU,PROP_SILVER_BRACELET,1.0.0a,9decf9457f0a
EP011,SC_016,16,248.015,268.789,20.774,NOT_GENERATED,NOT_GENERATED,IMAGE_ONLY,NO,2,,LOC_KHO_DO_CU,PROP_SILVER_BRACELET;PROP_OLD_PHONE_01,1.0.0a,89cb2d9459cc
EP011,SC_017,17,268.789,286.478,17.689,NOT_GENERATED,NOT_GENERATED,IMAGE_ONLY,NO,3,CHAR_LINH,LOC_PHONG_KHACH_LINH_NAM,,1.0.0a,5418adaa6e0b
EP011,SC_018,18,286.478,303.531,17.053,NOT_GENERATED,NOT_GENERATED,IMAGE_ONLY,NO,3,CHAR_LINH,LOC_PHONG_KHACH_LINH_NAM,,1.0.0a,8193e10a1a5f
EP011,SC_019,19,303.531,322.019,18.488,NOT_GENERATED,NOT_GENERATED,VIDEO_RECOMMENDED,YES,8,CHAR_LINH,LOC_BENH_VIEN_NAM_DINH_2012,,1.0.0a,e535fd0dbaa2
EP011,SC_020,20,322.019,341.37,19.351,NOT_GENERATED,NOT_GENERATED,IMAGE_ONLY,NO,4,CHAR_LINH,LOC_BENH_VIEN_NAM_DINH_2012,,1.0.0a,77b5aa8c554b
EP011,SC_021,21,341.37,355.584,14.214,NOT_GENERATED,NOT_GENERATED,IMAGE_ONLY,NO,3,CHAR_LINH;CHAR_NURSE_OLD,LOC_BENH_VIEN_NAM_DINH_2012,,1.0.0a,8e88ebd448c0
EP011,SC_022,22,355.584,369.707,14.123,NOT_GENERATED,NOT_GENERATED,IMAGE_ONLY,NO,3,CHAR_LINH,LOC_BENH_VIEN_NAM_DINH_2012,,1.0.0a,6c2d2ecb95b7
EP011,SC_023,23,369.707,385.259,15.552,NOT_GENERATED,NOT_GENERATED,VIDEO_RECOMMENDED,YES,7,CHAR_LINH,LOC_NHA_CU_THAO_NGOAI_O,,1.0.0a,9f868ba81684
EP011,SC_024,24,385.259,402.728,17.469,NOT_GENERATED,NOT_GENERATED,VIDEO_RECOMMENDED,YES,7,CHAR_LINH,LOC_NHA_CU_THAO_NGOAI_O,,1.0.0a,37aa5c72557f
EP011,SC_025,25,402.728,419.705,16.977,NOT_GENERATED,NOT_GENERATED,IMAGE_ONLY,NO,2,,LOC_NHA_CU_THAO_NGOAI_O,PROP_ADOPTION_RECORD_2013,1.0.0a,24188d420329
EP011,SC_026,26,419.705,437.097,17.392,NOT_GENERATED,NOT_GENERATED,IMAGE_ONLY,NO,3,,LOC_NHA_CU_THAO_NGOAI_O,,1.0.0a,8ffc10cbca01
EP011,SC_027,27,437.097,452.079,14.982,NOT_GENERATED,NOT_GENERATED,IMAGE_ONLY,NO,3,,LOC_NHA_CU_THAO_NGOAI_O,PROP_ADOPTION_RECORD_2013,1.0.0a,1e2d41e7d3d0
EP011,SC_028,28,452.079,468.396,16.317,NOT_GENERATED,NOT_GENERATED,IMAGE_ONLY,NO,3,CHAR_LINH,LOC_NHA_CU_THAO_NGOAI_O,,1.0.0a,0c06f4784fbf
EP011,SC_029,29,468.396,482.153,13.757,NOT_GENERATED,NOT_GENERATED,IMAGE_ONLY,NO,3,CHAR_THAO_2012,LOC_BENH_VIEN_NAM_DINH_2012,,1.0.0a,5dab0056894e
EP011,SC_030,30,482.153,496.247,14.094,NOT_GENERATED,NOT_GENERATED,IMAGE_ONLY,NO,4,CHAR_NAM_YOUNG_2012,LOC_BENH_VIEN_NAM_DINH_2012,,1.0.0a,a027049dd60a
EP011,SC_031,31,496.247,510.462,14.215,NOT_GENERATED,NOT_GENERATED,IMAGE_ONLY,NO,2,,LOC_NHA_CU_THAO_NGOAI_O,PROP_ADOPTION_RECORD_2013;PROP_SILVER_BRACELET,1.0.0a,3b9ced2425c4
EP011,SC_032,32,510.462,525.895,15.433,NOT_GENERATED,NOT_GENERATED,IMAGE_ONLY,NO,3,,LOC_NHA_CU_THAO_NGOAI_O,PROP_SILVER_BRACELET,1.0.0a,e458db1300b2
EP011,SC_033,33,525.895,547.508,21.613,NOT_GENERATED,NOT_GENERATED,IMAGE_ONLY,NO,3,CHAR_NAM_YOUNG_2012;CHAR_BE_AN_INFANT_2012,LOC_BENH_VIEN_NAM_DINH_2012,,1.0.0a,3c831d9b610f
EP011,SC_034,34,547.508,560.682,13.174,NOT_GENERATED,NOT_GENERATED,IMAGE_ONLY,NO,2,,LOC_PHONG_KHACH_LINH_NAM,PROP_BANK_TRANSFER_NOTES,1.0.0a,badc2ac48265
EP011,SC_035,35,560.682,575.121,14.439,NOT_GENERATED,NOT_GENERATED,IMAGE_ONLY,NO,3,CHAR_NAM_PRESENT,LOC_PHONG_KHACH_LINH_NAM,,1.0.0a,58862cff33a4
EP011,SC_036,36,575.121,589.816,14.695,NOT_GENERATED,NOT_GENERATED,IMAGE_ONLY,NO,3,CHAR_LINH,LOC_NHA_CU_THAO_NGOAI_O,,1.0.0a,968d0d9276f6
EP011,SC_037,37,589.816,604.261,14.445,NOT_GENERATED,NOT_GENERATED,IMAGE_ONLY,NO,4,,LOC_PHONG_KHACH_LINH_NAM,,1.0.0a,efe56b62becb
EP011,SC_038,38,604.261,620.995,16.734,NOT_GENERATED,NOT_GENERATED,VIDEO_RECOMMENDED,YES,9,CHAR_LINH;CHAR_NAM_PRESENT,LOC_PHONG_KHACH_LINH_NAM,PROP_SILVER_BRACELET;PROP_OLD_PHONE_01,1.0.0a,247ceed6ade8
EP011,SC_039,39,620.995,648.652,27.657,NOT_GENERATED,NOT_GENERATED,IMAGE_ONLY,NO,5,CHAR_LINH;CHAR_NAM_PRESENT,LOC_PHONG_KHACH_LINH_NAM,,1.0.0a,dbb73c4b46fe
EP011,SC_040,40,648.652,665.16,16.508,NOT_GENERATED,NOT_GENERATED,IMAGE_ONLY,NO,5,CHAR_LINH;CHAR_NAM_PRESENT,LOC_PHONG_KHACH_LINH_NAM,,1.0.0a,5e41938e1d80
EP011,SC_041,41,665.16,684.558,19.398,NOT_GENERATED,NOT_GENERATED,IMAGE_ONLY,NO,5,,LOC_PHONG_KHACH_LINH_NAM,,1.0.0a,fedf26aa8810
EP011,SC_042,42,684.558,700.37,15.812,NOT_GENERATED,NOT_GENERATED,IMAGE_ONLY,NO,5,CHAR_LINH;CHAR_NAM_PRESENT,LOC_PHONG_KHACH_LINH_NAM,,1.0.0a,90f10acfb0c5
EP011,SC_043,43,700.37,716.497,16.127,NOT_GENERATED,NOT_GENERATED,IMAGE_ONLY,NO,4,CHAR_LINH;CHAR_NAM_PRESENT;CHAR_BE_AN_PRESENT,LOC_CONG_VIEN_CHIEU,,1.0.0a,11b72f53cb7e
EP011,SC_044,44,716.497,730.679,14.182,NOT_GENERATED,NOT_GENERATED,VIDEO_RECOMMENDED,YES,10,CHAR_LINH;CHAR_NAM_PRESENT;CHAR_BE_AN_PRESENT,LOC_CONG_VIEN_CHIEU,,1.0.0a,8db43316a049
EP011,SC_045,45,730.679,743.721,13.042,NOT_GENERATED,NOT_GENERATED,IMAGE_ONLY,NO,2,,LOC_PHONG_KHACH_LINH_NAM,PROP_OLD_PHONE_01;PROP_SILVER_BRACELET,1.0.0a,0057b7318b00
